num_robot,opti_t,opti_w_a,opti_w_omega,opti_w_penalty0,opti_w_formation,opti_w_topo,opti_w_sfc,seed,trial,trial_success,solve_success,success_strict,success_any_solution,success_feasible,final_infeasibility,n_solutions,time_topo_s,time_filter_s,time_coarse_s,time_to_s,time_total_s,outer_iters,inner_iters,tf_s,distance_m
4,1,1,1,10000,1,0.5,1,1042,0,0,0,0,1,0,nan,4,1.46045,0.046522,1.925,0,105.281,1,0,34.3057,62.6054
4,1,1,1,10000,1,0.5,1,1042,1,1,1,1,1,1,1.25971e-07,4,1.2106,0.0419099,1.84,8.062,263.631,1,15,92.0634,69.4798
4,1,1,1,10000,1,0.5,1,1042,2,1,0,0,1,1,5.0954e-08,4,1.08167,0.0435343,1.891,8.449,95.853,1,1,96.7554,72.6646
4,1,1,1,10000,1,0.5,1,1042,3,0,0,0,1,0,nan,4,1.05242,0.0419756,1.657,0,29.1873,1,0,34.3057,62.6053
4,1,1,1,10000,1,0.5,1,1042,4,0,0,0,1,0,nan,4,1.07453,0.0433152,1.895,0,36.8506,1,0,34.3057,62.6046
4,1,1,1,10000,1,0.5,1,1042,5,0,0,0,1,0,nan,4,1.10283,0.0408254,1.835,0,192.656,1,0,34.3057,62.6046
4,1,1,1,10000,1,0.5,1,1042,6,1,0,0,1,1,3.05586e-08,4,1.25083,0.0499131,2.137,3.014,133.103,1,1,81.6496,68.1905
4,1,1,1,10000,1,0.5,1,1042,7,1,0,0,1,1,1.03212e-05,4,1.02423,0.0380169,1.918,7.373,124.061,1,1,70.3928,67.8736
