num_robot,opti_t,opti_w_a,opti_w_omega,opti_w_penalty0,opti_w_formation,opti_w_topo,opti_w_sfc,seed,trial,trial_success,solve_success,success_strict,success_any_solution,success_feasible,final_infeasibility,n_solutions,time_topo_s,time_filter_s,time_coarse_s,time_to_s,time_total_s,outer_iters,inner_iters,tf_s,distance_m
4,1,1,1,10000,1,0.5,1,2277,0,1,0,0,1,1,3.37192e-05,4,0.594379,0.00183096,1.441,8.05017,47.9052,1,6,221.837,96.5632
4,1,1,1,10000,1,0.5,1,2277,1,0,0,0,1,0,3.3862e+10,4,0.470652,0.00128449,1.454,0,9.54175,1,0,36.0556,922.346
4,1,1,1,10000,1,0.5,1,2277,2,0,0,0,1,0,nan,4,0.441537,0.000964086,1.318,0,2.29061,1,0,35.5029,62.601
4,1,1,1,10000,1,0.5,1,2277,3,0,0,0,1,0,nan,4,0.38855,0.000810748,1.258,0,2.28545,1,0,35.5029,62.6014
4,1,1,1,10000,1,0.5,1,2277,4,1,0,0,1,1,1.47993e-06,4,0.394679,0.000784564,1.294,6.346,12.1845,1,2,154.382,101.024
4,1,1,1,10000,1,0.5,1,2277,5,0,0,0,1,0,nan,4,0.430237,0.000800471,1.311,0,2.68518,1,0,35.5029,62.6073
4,1,1,1,10000,1,0.5,1,2277,6,1,0,0,1,1,3.96573e-05,4,0.410118,0.00076334,1.336,7.5405,61.5522,1,8,216.468,99.7565
